{
  "metadata": {
    "method_name": "RWPE_nRWPE_Concatenation_GINEConv",
    "description": "Test RWPE+nRWPE concatenation vs RWPE-only baseline on ZINC-12k with GINEConv",
    "architecture": "GINEConv (4 layers, 128 hidden, add+mean pooling)",
    "training": {
      "optimizer": "Adam",
      "lr": 0.001,
      "scheduler": "CosineAnnealingLR",
      "T_max": 150,
      "eta_min": 1e-05,
      "batch_size": 128,
      "max_epochs": 150,
      "patience": 30,
      "grad_clip": 5.0
    },
    "seeds": [
      42,
      123,
      456
    ],
    "pe_configs": {
      "rwpe_16": {
        "rwpe_k": 16,
        "nrwpe_k": 0,
        "mild_k": 0,
        "pe_dim": 16
      },
      "nrwpe_tanh_16": {
        "rwpe_k": 0,
        "nrwpe_k": 16,
        "mild_k": 0,
        "pe_dim": 16
      },
      "concat_16": {
        "rwpe_k": 8,
        "nrwpe_k": 8,
        "mild_k": 0,
        "pe_dim": 16
      },
      "concat_24": {
        "rwpe_k": 16,
        "nrwpe_k": 8,
        "mild_k": 0,
        "pe_dim": 24
      },
      "concat_32": {
        "rwpe_k": 16,
        "nrwpe_k": 16,
        "mild_k": 0,
        "pe_dim": 32
      },
      "mild_16": {
        "rwpe_k": 0,
        "nrwpe_k": 0,
        "mild_k": 16,
        "pe_dim": 16
      },
      "rwpe_24": {
        "rwpe_k": 24,
        "nrwpe_k": 0,
        "mild_k": 0,
        "pe_dim": 24
      },
      "rwpe_32": {
        "rwpe_k": 32,
        "nrwpe_k": 0,
        "mild_k": 0,
        "pe_dim": 32
      },
      "no_pe": {
        "rwpe_k": 0,
        "nrwpe_k": 0,
        "mild_k": 0,
        "pe_dim": 16
      }
    },
    "analysis": {
      "rwpe_16": {
        "test_mae_mean": 0.10106794706980388,
        "test_mae_std": 0.0020175987747092262,
        "val_mae_mean": 0.13078030490875245,
        "val_mae_std": 0.0034510492834680744,
        "best_epoch_mean": 241.66666666666666,
        "test_maes": [
          0.10391995143890381,
          0.09956704139709473,
          0.09971684837341309
        ],
        "val_maes": [
          0.13520230102539063,
          0.12678071117401124,
          0.13035790252685547
        ],
        "best_epochs": [
          237,
          243,
          245
        ],
        "num_params": 262593
      },
      "concat_32": {
        "test_mae_mean": 0.10615527311960855,
        "test_mae_std": 0.001749902072568096,
        "val_mae_mean": 0.13303493213653564,
        "val_mae_std": 0.0019969795352317394,
        "best_epoch_mean": 244.66666666666666,
        "test_maes": [
          0.10369034385681153,
          0.10719713687896729,
          0.10757833862304687
        ],
        "val_maes": [
          0.1308380012512207,
          0.13259651374816894,
          0.13567028141021728
        ],
        "best_epochs": [
          234,
          250,
          250
        ],
        "num_params": 264641,
        "vs_rwpe16_ttest_t": -1.913027788415407,
        "vs_rwpe16_ttest_p": 0.19587137945396624,
        "vs_rwpe16_improvement": -0.005087326049804677,
        "win_rate_vs_rwpe16": {
          "wins": 473,
          "ties": 0,
          "losses": 527,
          "win_pct": 47.3
        }
      },
      "concat_24": {
        "test_mae_mean": 0.10724140803019205,
        "test_mae_std": 0.002760893166058637,
        "val_mae_mean": 0.1359885301589966,
        "val_mae_std": 0.0021730875619040187,
        "best_epoch_mean": 189.66666666666666,
        "test_maes": [
          0.11103155899047852,
          0.10453401279449463,
          0.10615865230560302
        ],
        "val_maes": [
          0.13337547779083253,
          0.13589418792724609,
          0.13869592475891113
        ],
        "best_epochs": [
          209,
          212,
          148
        ],
        "num_params": 263617,
        "vs_rwpe16_ttest_t": -9.745388855743535,
        "vs_rwpe16_ttest_p": 0.01036591697614083,
        "vs_rwpe16_improvement": -0.006173460960388177,
        "win_rate_vs_rwpe16": {
          "wins": 475,
          "ties": 0,
          "losses": 525,
          "win_pct": 47.5
        }
      },
      "concat_16": {
        "test_mae_mean": 0.10693389097849527,
        "test_mae_std": 0.0018230894420991333,
        "val_mae_mean": 0.14077320925394696,
        "val_mae_std": 0.0020869671587575144,
        "best_epoch_mean": 145.66666666666666,
        "test_maes": [
          0.10886368179321289,
          0.10744967555999756,
          0.10448831558227539
        ],
        "val_maes": [
          0.14352195739746093,
          0.13846800994873046,
          0.14032966041564943
        ],
        "best_epochs": [
          137,
          150,
          150
        ],
        "num_params": 262593,
        "vs_rwpe16_ttest_t": -5.810335564146846,
        "vs_rwpe16_ttest_p": 0.02836653650750058,
        "vs_rwpe16_improvement": -0.005865943908691398,
        "win_rate_vs_rwpe16": {
          "wins": 449,
          "ties": 0,
          "losses": 551,
          "win_pct": 44.9
        }
      },
      "nrwpe_tanh_16": {
        "test_mae_mean": 0.12013374710083008,
        "test_mae_std": 0.0008398714789423611,
        "val_mae_mean": 0.1541769059499105,
        "val_mae_std": 0.0036642968884075806,
        "best_epoch_mean": 143.0,
        "test_maes": [
          0.11897764778137207,
          0.12094770336151123,
          0.12047589015960693
        ],
        "val_maes": [
          0.15135373306274413,
          0.15182513236999512,
          0.15935185241699218
        ],
        "best_epochs": [
          137,
          149,
          143
        ],
        "num_params": 262593,
        "vs_rwpe16_ttest_t": -9.475715157524448,
        "vs_rwpe16_ttest_p": 0.010954531417092569,
        "vs_rwpe16_improvement": -0.019065800031026203,
        "win_rate_vs_rwpe16": {
          "wins": 463,
          "ties": 0,
          "losses": 537,
          "win_pct": 46.300000000000004
        }
      },
      "no_pe": {
        "test_mae_mean": 0.1930136604309082,
        "test_mae_std": 0.0036751060485839815,
        "val_mae_mean": 0.20054782676696778,
        "val_mae_std": 0.002608928680419925,
        "best_epoch_mean": 141.0,
        "test_maes": [
          0.19668876647949218,
          0.18933855438232422
        ],
        "val_maes": [
          0.2031567554473877,
          0.19793889808654785
        ],
        "best_epochs": [
          143,
          139
        ],
        "num_params": 243841,
        "vs_rwpe16_ttest_t": -60.901545674869155,
        "vs_rwpe16_ttest_p": 0.010452322031846406,
        "vs_rwpe16_improvement": -0.09194571336110433,
        "win_rate_vs_rwpe16": {
          "wins": 406,
          "ties": 0,
          "losses": 594,
          "win_pct": 40.6
        }
      },
      "mild_16": {
        "test_mae_mean": 0.18192610549926758,
        "test_mae_std": 0.001590913772582997,
        "val_mae_mean": 0.1935208683013916,
        "val_mae_std": 0.003088132858276374,
        "best_epoch_mean": 147.5,
        "test_maes": [
          0.18351701927185057,
          0.18033519172668458
        ],
        "val_maes": [
          0.19660900115966798,
          0.19043273544311523
        ],
        "best_epochs": [
          145,
          150
        ],
        "num_params": 262593,
        "vs_rwpe16_ttest_t": -136.9375928871139,
        "vs_rwpe16_ttest_p": 0.0046488947466673996,
        "vs_rwpe16_improvement": -0.0808581584294637,
        "win_rate_vs_rwpe16": {
          "wins": 399,
          "ties": 0,
          "losses": 601,
          "win_pct": 39.900000000000006
        }
      }
    },
    "pe_computation_times": {
      "train": 6.454771995544434,
      "val": 0.9164254665374756,
      "test": 0.9155974388122559
    }
  },
  "datasets": [
    {
      "dataset": "ZINC-12k",